---
en:
  AD_name: Andorra
  AD_nationality: Andorran
  AD_nationality_plural: Andorrans
  AE_name: United Arab Emirates
  AE_nationality: Emirian
  AE_nationality_plural: Emirians
  AF_name: Afghanistan
  AF_nationality: Afghani
  AF_nationality_plural: Afghanis
  AG_name: Antigua and Barbuda
  AG_nationality: Antiguan
  AG_nationality_plural: Antiguans
  AI_name: Anguilla
  AI_nationality: Anguillan
  AI_nationality_plural: Anguillans
  AL_name: Albania
  AL_nationality: Albanian
  AL_nationality_plural: Albanians
  AM_name: Armenia
  AM_nationality: Armenian
  AM_nationality_plural: Armenians
  AO_name: Angola
  AO_nationality: Angolan
  AO_nationality_plural: Angolans
  AQ_name: Antarctica
  AQ_nationality: Antarctic
  AQ_nationality_plural: Antarctics
  AR_name: Argentina
  AR_nationality: Argentine
  AR_nationality_plural: Argentines
  AS_name: American Samoa
  AS_nationality: Samoan
  AS_nationality_plural: Samoans
  AT_name: Austria
  AT_nationality: Austrian
  AT_nationality_plural: Austrians
  AU_name: Australia
  AU_nationality: Australian
  AU_nationality_plural: Australians
  AW_name: Aruba
  AW_nationality: Arubian
  AW_nationality_plural: Arubians
  AX_name: Aland Islands
  AX_nationality: Alandic
  AX_nationality_plural: Alandics
  AZ_name: Azerbaijan
  AZ_nationality: Azerbaijani
  AZ_nationality_plural: Azerbaijanis
  BA_name: Bosnia and Herzegovina
  BA_nationality: Bosnian
  BA_nationality_plural: Bosnians
  BB_name: Barbados
  BB_nationality: Barbadian
  BB_nationality_plural: Barbadians
  BD_name: Bangladesh
  BD_nationality: Bangladeshi
  BD_nationality_plural: Bangladeshis
  BE_name: Belgium
  BE_nationality: Belgian
  BE_nationality_plural: Belgians
  BF_name: Burkina Faso
  BF_nationality: Burkinabe
  BF_nationality_plural: Burkinabes
  BG_name: Bulgaria
  BG_nationality: Bulgarian
  BG_nationality_plural: Bulgarians
  BH_name: Bahrain
  BH_nationality: Bahrainian
  BH_nationality_plural: Bahrainians
  BI_name: Burundi
  BI_nationality: Burundian
  BI_nationality_plural: Burundians
  BJ_name: Benin
  BJ_nationality: Beninese
  BJ_nationality_plural: Beninese
  BL_name: Saint Barthelemy
  BL_nationality: Barthélemois
  BL_nationality_plural: Barthélemois
  BM_name: Bermuda
  BM_nationality: Bermudan
  BM_nationality_plural: Bermudans
  BN_name: Brunei
  BN_nationality: Bruneian
  BN_nationality_plural: Bruneians
  BO_name: Bolivia
  BO_nationality: Bolivian
  BO_nationality_plural: Bolivians
  BQ_name: Bonaire, Saint Eustatius and Saba
  BQ_nationality: Bonaire, Saint Eustatius and Saba Islander
  BQ_nationality_plural: Bonaire, Saint Eustatius and Saba Islanders
  BR_name: Brazil
  BR_nationality: Brazilian
  BR_nationality_plural: Brazilians
  BS_name: Bahamas
  BS_nationality: Bahameese
  BS_nationality_plural: Bahameese
  BT_name: Bhutan
  BT_nationality: Bhutanese
  BT_nationality_plural: Bhutanese
  BV_name: Bouvet Island
  BV_nationality: Bouvet Islander
  BV_nationality_plural: Bouvet Islanders
  BW_name: Botswana
  BW_nationality: Motswana
  BW_nationality_plural: Motswanas
  BY_name: Belarus
  BY_nationality: Belarusian
  BY_nationality_plural: Belarusians
  BZ_name: Belize
  BZ_nationality: Belizean
  BZ_nationality_plural: Belizeans
  CA_name: Canada
  CA_nationality: Canadian
  CA_nationality_plural: Canadians
  CC_name: Cocos Islands
  CC_nationality: Cocossian
  CC_nationality_plural: Cocossians
  CD_name: Democratic Republic of the Congo
  CD_nationality: Congolese
  CD_nationality_plural: Congolese
  CF_name: Central African Republic
  CF_nationality: Central African
  CF_nationality_plural: Central Africans
  CG_name: Republic of the Congo
  CG_nationality: Congolese
  CG_nationality_plural: Congolese
  CH_name: Switzerland
  CH_nationality: Swiss
  CH_nationality_plural: Swiss
  CI_name: Ivory Coast
  CI_nationality: Ivorian
  CI_nationality_plural: Ivorians
  CK_name: Cook Islands
  CK_nationality: Cook Islander
  CK_nationality_plural: Cook Islanders
  CL_name: Chile
  CL_nationality: Chilean
  CL_nationality_plural: Chileans
  CM_name: Cameroon
  CM_nationality: Cameroonian
  CM_nationality_plural: Cameroonians
  CN_name: China
  CN_nationality: Chinese
  CN_nationality_plural: Chinese
  CO_name: Colombia
  CO_nationality: Colombian
  CO_nationality_plural: Colombians
  CR_name: Costa Rica
  CR_nationality: Costa Rican
  CR_nationality_plural: Costa Ricans
  CU_name: Cuba
  CU_nationality: Cuban
  CU_nationality_plural: Cubans
  CV_name: Cape Verde
  CV_nationality: Cape Verdean
  CV_nationality_plural: Cape Verdeans
  CW_name: Curacao
  CW_nationality: Curaçaoan
  CW_nationality_plural: Curaçaoans
  CX_name: Christmas Island
  CX_nationality: Christmas Islander
  CX_nationality_plural: Christmas Islanders
  CY_name: Cyprus
  CY_nationality: Cypriot
  CY_nationality_plural: Cypriots
  CZ_name: Czech Republic
  CZ_nationality: Czech
  CZ_nationality_plural: Czechs
  DE_name: Germany
  DE_nationality: German
  DE_nationality_plural: Germans
  DJ_name: Djibouti
  DJ_nationality: Djiboutian
  DJ_nationality_plural: Djiboutians
  DK_name: Denmark
  DK_nationality: Danish
  DK_nationality_plural: Danes
  DM_name: Dominica
  DM_nationality: Dominican
  DM_nationality_plural: Dominicans
  DO_name: Dominican Republic
  DO_nationality: Dominican
  DO_nationality_plural: Dominicans
  DZ_name: Algeria
  DZ_nationality: Algerian
  DZ_nationality_plural: Algerians
  EC_name: Ecuador
  EC_nationality: Ecuadorean
  EC_nationality_plural: Ecuadoreans
  EE_name: Estonia
  EE_nationality: Estonian
  EE_nationality_plural: Estonians
  EG_name: Egypt
  EG_nationality: Egyptian
  EG_nationality_plural: Egyptians
  EH_name: Western Sahara
  EH_nationality: Western Saharan
  EH_nationality_plural: Western Saharans
  ER_name: Eritrea
  ER_nationality: Eritrean
  ER_nationality_plural: Eritreans
  ES_name: Spain
  ES_nationality: Spanish
  ES_nationality_plural: Spanish
  ET_name: Ethiopia
  ET_nationality: Ethiopian
  ET_nationality_plural: Ethiopians
  FI_name: Finland
  FI_nationality: Finnish
  FI_nationality_plural: Finns
  FJ_name: Fiji
  FJ_nationality: Fijian
  FJ_nationality_plural: Fijians
  FK_name: Falkland Islands
  FK_nationality: Falkland Islander
  FK_nationality_plural: Falkland Islanders
  FM_name: Micronesia
  FM_nationality: Micronesian
  FM_nationality_plural: Micronesians
  FO_name: Faroe Islands
  FO_nationality: Faroese
  FO_nationality_plural: Faroese
  FR_name: France
  FR_nationality: French
  FR_nationality_plural: French
  GA_name: Gabon
  GA_nationality: Gabonese
  GA_nationality_plural: Gabonese
  GB_name: United Kingdom
  GB_nationality: British
  GB_nationality_plural: British
  GD_name: Grenada
  GD_nationality: Grenadian
  GD_nationality_plural: Grenadians
  GE_name: Georgia
  GE_nationality: Georgian
  GE_nationality_plural: Georgians
  GF_name: French Guiana
  GF_nationality: French Guianese
  GF_nationality_plural: French Guianese
  GG_name: Guernsey
  GG_nationality: Channel Islander
  GG_nationality_plural: Channel Islanders
  GH_name: Ghana
  GH_nationality: Ghanaian
  GH_nationality_plural: Ghanaians
  GI_name: Gibraltar
  GI_nationality: Gibralterian
  GI_nationality_plural: Gibralterians
  GL_name: Greenland
  GL_nationality: Greenlander
  GL_nationality_plural: Greenlanders
  GM_name: Gambia
  GM_nationality: Gambian
  GM_nationality_plural: Gambians
  GN_name: Guinea
  GN_nationality: Guinean
  GN_nationality_plural: Guineans
  GP_name: Guadeloupe
  GP_nationality: Guadeloupean
  GP_nationality_plural: Guadeloupeans
  GQ_name: Equatorial Guinea
  GQ_nationality: Equatorial Guinean
  GQ_nationality_plural: Equatorial Guineans
  GR_name: Greece
  GR_nationality: Greek
  GR_nationality_plural: Greeks
  GS_name: South Georgia and the South Sandwich Islands
  GS_nationality: South Georgian
  GS_nationality_plural: South Georgians
  GT_name: Guatemala
  GT_nationality: Guatemalan
  GT_nationality_plural: Guatemalans
  GU_name: Guam
  GU_nationality: Guamanian
  GU_nationality_plural: Guamanians
  GW_name: Guinea-Bissau
  GW_nationality: Guinean
  GW_nationality_plural: Guineans
  GY_name: Guyana
  GY_nationality: Guyanese
  GY_nationality_plural: Guyanese
  HK_name: Hong Kong
  HK_nationality: Hong Konger
  HK_nationality_plural: Hong Kongers
  HM_name: Heard Island and McDonald Islands
  HM_nationality: Heard and McDonald Islander
  HM_nationality_plural: Heard and McDonald Islanders
  HN_name: Honduras
  HN_nationality: Honduran
  HN_nationality_plural: Hondurans
  HR_name: Croatia
  HR_nationality: Croatian
  HR_nationality_plural: Croatians
  HT_name: Haiti
  HT_nationality: Haitian
  HT_nationality_plural: Haitians
  HU_name: Hungary
  HU_nationality: Hungarian
  HU_nationality_plural: Hungarians
  ID_name: Indonesia
  ID_nationality: Indonesian
  ID_nationality_plural: Indonesians
  IE_name: Ireland
  IE_nationality: Irish
  IE_nationality_plural: Irish
  IL_name: Israel
  IL_nationality: Israeli
  IL_nationality_plural: Israelis
  IM_name: Isle of Man
  IM_nationality: Manx
  IM_nationality_plural: Manx
  IN_name: India
  IN_nationality: Indian
  IN_nationality_plural: Indians
  IO_name: British Indian Ocean Territory
  IO_nationality: British Indian Ocean Territory Resident
  IO_nationality_plural: British Indian Ocean Territory Residents
  IQ_name: Iraq
  IQ_nationality: Iraqi
  IQ_nationality_plural: Iraqis
  IR_name: Iran
  IR_nationality: Iranian
  IR_nationality_plural: Iranians
  IS_name: Iceland
  IS_nationality: Icelander
  IS_nationality_plural: Icelanders
  IT_name: Italy
  IT_nationality: Italian
  IT_nationality_plural: Italians
  JE_name: Jersey
  JE_nationality: Channel Islander
  JE_nationality_plural: Channel Islanders
  JM_name: Jamaica
  JM_nationality: Jamaican
  JM_nationality_plural: Jamaicans
  JO_name: Jordan
  JO_nationality: Jordanian
  JO_nationality_plural: Jordanians
  JP_name: Japan
  JP_nationality: Japanese
  JP_nationality_plural: Japanese
  KE_name: Kenya
  KE_nationality: Kenyan
  KE_nationality_plural: Kenyans
  KG_name: Kyrgyzstan
  KG_nationality: Kyrgyzstani
  KG_nationality_plural: Kyrgyzstanis
  KH_name: Cambodia
  KH_nationality: Cambodian
  KH_nationality_plural: Cambodians
  KI_name: Kiribati
  KI_nationality: I-Kiribati
  KI_nationality_plural: I-Kiribati
  KM_name: Comoros
  KM_nationality: Comoran
  KM_nationality_plural: Comorans
  KN_name: Saint Kitts and Nevis
  KN_nationality: Kittian
  KN_nationality_plural: Kittians
  KP_name: North Korea
  KP_nationality: North Korean
  KP_nationality_plural: North Koreans
  KR_name: South Korea
  KR_nationality: South Korean
  KR_nationality_plural: South Koreans
  KW_name: Kuwait
  KW_nationality: Kuwaiti
  KW_nationality_plural: Kuwaitis
  KY_name: Cayman Islands
  KY_nationality: Caymanian
  KY_nationality_plural: Caymanians
  KZ_name: Kazakhstan
  KZ_nationality: Kazakhstani
  KZ_nationality_plural: Kazakhstanis
  LA_name: Laos
  LA_nationality: Laotian
  LA_nationality_plural: Laotians
  LB_name: Lebanon
  LB_nationality: Lebanese
  LB_nationality_plural: Lebanese
  LC_name: Saint Lucia
  LC_nationality: Saint Lucian
  LC_nationality_plural: Saint Lucians
  LI_name: Liechtenstein
  LI_nationality: Liechtensteiner
  LI_nationality_plural: Liechtensteiners
  LK_name: Sri Lanka
  LK_nationality: Sri Lankan
  LK_nationality_plural: Sri Lankans
  LR_name: Liberia
  LR_nationality: Liberian
  LR_nationality_plural: Liberians
  LS_name: Lesotho
  LS_nationality: Mosotho
  LS_nationality_plural: Mosotho
  LT_name: Lithuania
  LT_nationality: Lithuanian
  LT_nationality_plural: Lithuanians
  LU_name: Luxembourg
  LU_nationality: Luxembourger
  LU_nationality_plural: Luxembourgers
  LV_name: Latvia
  LV_nationality: Latvian
  LV_nationality_plural: Latvians
  LY_name: Libya
  LY_nationality: Libyan
  LY_nationality_plural: Libyans
  MA_name: Morocco
  MA_nationality: Moroccan
  MA_nationality_plural: Moroccans
  MC_name: Monaco
  MC_nationality: Monacan
  MC_nationality_plural: Monacans
  MD_name: Moldova
  MD_nationality: Moldovan
  MD_nationality_plural: Moldovans
  ME_name: Montenegro
  ME_nationality: Montenegrin
  ME_nationality_plural: Montenegrins
  MF_name: Saint Martin
  MF_nationality: Saint Martin Islander
  MF_nationality_plural: Saint Martin Islanders
  MG_name: Madagascar
  MG_nationality: Malagasy
  MG_nationality_plural: Malagasies
  MH_name: Marshall Islands
  MH_nationality: Marshallese
  MH_nationality_plural: Marshallese
  MK_name: Macedonia
  MK_nationality: Macedonian
  MK_nationality_plural: Macedonians
  ML_name: Mali
  ML_nationality: Malian
  ML_nationality_plural: Malians
  MM_name: Myanmar
  MM_nationality: Myanmarese
  MM_nationality_plural: Myanmarese
  MN_name: Mongolia
  MN_nationality: Mongolian
  MN_nationality_plural: Mongolians
  MO_name: Macau
  MO_nationality: Macanese
  MO_nationality_plural: Macanese
  MP_name: Northern Mariana Islands
  MP_nationality: Northern Mariana Islander
  MP_nationality_plural: Northern Mariana Islanders
  MQ_name: Martinique
  MQ_nationality: Martinican
  MQ_nationality_plural: Martinicans
  MR_name: Mauritania
  MR_nationality: Mauritanian
  MR_nationality_plural: Mauritanians
  MS_name: Montserrat
  MS_nationality: Montserratian
  MS_nationality_plural: Montserratians
  MT_name: Malta
  MT_nationality: Maltese
  MT_nationality_plural: Maltese
  MU_name: Mauritius
  MU_nationality: Mauritian
  MU_nationality_plural: Mauritians
  MV_name: Maldives
  MV_nationality: Maldivan
  MV_nationality_plural: Maldivans
  MW_name: Malawi
  MW_nationality: Malawian
  MW_nationality_plural: Malawians
  MX_name: Mexico
  MX_nationality: Mexican
  MX_nationality_plural: Mexicans
  MY_name: Malaysia
  MY_nationality: Malaysian
  MY_nationality_plural: Malaysians
  MZ_name: Mozambique
  MZ_nationality: Mozambican
  MZ_nationality_plural: Mozambicans
  NA_name: Namibia
  NA_nationality: Namibian
  NA_nationality_plural: Namibians
  NC_name: New Caledonia
  NC_nationality: New Caledonian
  NC_nationality_plural: New Caledonians
  NE_name: Niger
  NE_nationality: Nigerien
  NE_nationality_plural: Nigeriens
  NF_name: Norfolk Island
  NF_nationality: Norfolk Islander
  NF_nationality_plural: Norfolk Islanders
  NG_name: Nigeria
  NG_nationality: Nigerian
  NG_nationality_plural: Nigerians
  NI_name: Nicaragua
  NI_nationality: Nicaraguan
  NI_nationality_plural: Nicaraguans
  NL_name: Netherlands
  NL_nationality: Dutch
  NL_nationality_plural: Dutch
  NO_name: Norway
  NO_nationality: Norwegian
  NO_nationality_plural: Norwegians
  NP_name: Nepal
  NP_nationality: Nepalese
  NP_nationality_plural: Nepalese
  NR_name: Nauru
  NR_nationality: Nauruan
  NR_nationality_plural: Nauruans
  NU_name: Niue
  NU_nationality: Niuean
  NU_nationality_plural: Niueans
  NZ_name: New Zealand
  NZ_nationality: New Zealander
  NZ_nationality_plural: New Zealanders
  OM_name: Oman
  OM_nationality: Omani
  OM_nationality_plural: Omanis
  PA_name: Panama
  PA_nationality: Panamanian
  PA_nationality_plural: Panamanians
  PE_name: Peru
  PE_nationality: Peruvian
  PE_nationality_plural: Peruvians
  PF_name: French Polynesia
  PF_nationality: French Polynesian
  PF_nationality_plural: French Polynesians
  PG_name: Papua New Guinea
  PG_nationality: Papua New Guinean
  PG_nationality_plural: Papua New Guineans
  PH_name: Philippines
  PH_nationality: Filipino
  PH_nationality_plural: Filipinos
  PK_name: Pakistan
  PK_nationality: Pakistani
  PK_nationality_plural: Pakistanis
  PL_name: Poland
  PL_nationality: Polish
  PL_nationality_plural: Polish
  PM_name: Saint Pierre and Miquelon
  PM_nationality: Saint-Pierrais
  PM_nationality_plural: Saint-Pierrais
  PN_name: Pitcairn
  PN_nationality: Pitcairn Islander
  PN_nationality_plural: Pitcairn Islanders
  PR_name: Puerto Rico
  PR_nationality: Puerto Rican
  PR_nationality_plural: Puerto Ricans
  PS_name: Palestinian Territory
  PS_nationality: Palestinian
  PS_nationality_plural: Palestinians
  PT_name: Portugal
  PT_nationality: Portuguese
  PT_nationality_plural: Portuguese
  PW_name: Palau
  PW_nationality: Palauan
  PW_nationality_plural: Palauans
  PY_name: Paraguay
  PY_nationality: Paraguayan
  PY_nationality_plural: Paraguayans
  QA_name: Qatar
  QA_nationality: Qatari
  QA_nationality_plural: Qataris
  RE_name: Reunion
  RE_nationality: Reunionese
  RE_nationality_plural: Reunionese
  RO_name: Romania
  RO_nationality: Romanian
  RO_nationality_plural: Romanians
  RS_name: Serbia
  RS_nationality: Serbian
  RS_nationality_plural: Serbians
  RU_name: Russia
  RU_nationality: Russian
  RU_nationality_plural: Russians
  RW_name: Rwanda
  RW_nationality: Rwandan
  RW_nationality_plural: Rwandans
  SA_name: Saudi Arabia
  SA_nationality: Saudi Arabian
  SA_nationality_plural: Saudi Arabians
  SB_name: Solomon Islands
  SB_nationality: Solomon Islander
  SB_nationality_plural: Solomon Islanders
  SC_name: Seychelles
  SC_nationality: Seychellois
  SC_nationality_plural: Seychellois
  SD_name: Sudan
  SD_nationality: Sudanese
  SD_nationality_plural: Sudanese
  SE_name: Sweden
  SE_nationality: Swedish
  SE_nationality_plural: Swedes
  SG_name: Singapore
  SG_nationality: Singaporean
  SG_nationality_plural: Singaporeans
  SH_name: Saint Helena
  SH_nationality: Saint Helenian
  SH_nationality_plural: Saint Helenians
  SI_name: Slovenia
  SI_nationality: Slovenian
  SI_nationality_plural: Slovenians
  SJ_name: Svalbard and Jan Mayen
  SJ_nationality: Svalbard Resident
  SJ_nationality_plural: Svalbard Residents
  SK_name: Slovakia
  SK_nationality: Slovakian
  SK_nationality_plural: Slovakians
  SL_name: Sierra Leone
  SL_nationality: Sierra Leonean
  SL_nationality_plural: Sierra Leoneans
  SM_name: San Marino
  SM_nationality: Sanmarinese
  SM_nationality_plural: Sanmarinese
  SN_name: Senegal
  SN_nationality: Senegalese
  SN_nationality_plural: Senegalese
  SO_name: Somalia
  SO_nationality: Somali
  SO_nationality_plural: Somalis
  SR_name: Suriname
  SR_nationality: Surinamer
  SR_nationality_plural: Surinamers
  SS_name: South Sudan
  SS_nationality: Sudanese
  SS_nationality_plural: Sudanese
  ST_name: Sao Tome and Principe
  ST_nationality: São Tomean
  ST_nationality_plural: São Tomeans
  SV_name: El Salvador
  SV_nationality: Salvadorean
  SV_nationality_plural: Salvadoreans
  SX_name: Sint Maarten
  SX_nationality: Sint Maarten Islander
  SX_nationality_plural: Sint Maarten Islanders
  SY_name: Syria
  SY_nationality: Syrian
  SY_nationality_plural: Syrians
  SZ_name: Swaziland
  SZ_nationality: Swazi
  SZ_nationality_plural: Swazis
  TC_name: Turks and Caicos Islands
  TC_nationality: Turks and Caicos Islander
  TC_nationality_plural: Turks and Caicos Islanders
  TD_name: Chad
  TD_nationality: Chadian
  TD_nationality_plural: Chadians
  TF_name: French Southern Territories
  TF_nationality: French Southern Territories Resident
  TF_nationality_plural: French Southern Territories Residents
  TG_name: Togo
  TG_nationality: Togolese
  TG_nationality_plural: Togolese
  TH_name: Thailand
  TH_nationality: Thai
  TH_nationality_plural: Thais
  TJ_name: Tajikistan
  TJ_nationality: Tajikistani
  TJ_nationality_plural: Tajikistanis
  TK_name: Tokelau
  TK_nationality: Tokelauan
  TK_nationality_plural: Tokelauans
  TL_name: East Timor
  TL_nationality: Timorese
  TL_nationality_plural: Timorese
  TM_name: Turkmenistan
  TM_nationality: Turkmen
  TM_nationality_plural: Turkmens
  TN_name: Tunisia
  TN_nationality: Tunisian
  TN_nationality_plural: Tunisians
  TO_name: Tonga
  TO_nationality: Tongan
  TO_nationality_plural: Tongans
  TR_name: Turkey
  TR_nationality: Turkish
  TR_nationality_plural: Turks
  TT_name: Trinidad and Tobago
  TT_nationality: Trinidadian
  TT_nationality_plural: Trinidadians
  TV_name: Tuvalu
  TV_nationality: Tuvaluan
  TV_nationality_plural: Tuvaluans
  TW_name: Taiwan
  TW_nationality: Taiwanese
  TW_nationality_plural: Taiwanese
  TZ_name: Tanzania
  TZ_nationality: Tanzanian
  TZ_nationality_plural: Tanzanians
  UA_name: Ukraine
  UA_nationality: Ukrainian
  UA_nationality_plural: Ukrainians
  UG_name: Uganda
  UG_nationality: Ugandan
  UG_nationality_plural: Ugandans
  UM_name: United States Minor Outlying Islands
  UM_nationality: U.S. Minor Outlying Islands Resident
  UM_nationality_plural: U.S. Minor Outlying Islands Residents
  US_name: United States
  US_nationality: American
  US_nationality_plural: Americans
  UY_name: Uruguay
  UY_nationality: Uruguayan
  UY_nationality_plural: Uruguayans
  UZ_name: Uzbekistan
  UZ_nationality: Uzbekistani
  UZ_nationality_plural: Uzbeks
  VA_name: Vatican
  VA_nationality: Vatican
  VA_nationality_plural: Vatican
  VC_name: Saint Vincent and the Grenadines
  VC_nationality: Saint Vincentian
  VC_nationality_plural: Saint Vincentians
  VE_name: Venezuela
  VE_nationality: Venezuelan
  VE_nationality_plural: Venezuelans
  VG_name: British Virgin Islands
  VG_nationality: Virgin Islander
  VG_nationality_plural: Virgin Islanders
  VI_name: U.S. Virgin Islands
  VI_nationality: Virgin Islander
  VI_nationality_plural: Virgin Islanders
  VN_name: Vietnam
  VN_nationality: Vietnamese
  VN_nationality_plural: Vietnamese
  VU_name: Vanuatu
  VU_nationality: Ni-Vanuatu
  VU_nationality_plural: Ni-Vanuatu
  WF_name: Wallis and Futuna
  WF_nationality: Wallisian
  WF_nationality_plural: Wallisians
  WS_name: Samoa
  WS_nationality: Samoan
  WS_nationality_plural: Samoans
  XK_name: Kosovo
  XK_nationality: Kosovan
  XK_nationality_plural: Kosovans
  YE_name: Yemen
  YE_nationality: Yemeni
  YE_nationality_plural: Yemenis
  YT_name: Mayotte
  YT_nationality: Mahoran
  YT_nationality_plural: Mahorans
  ZA_name: South Africa
  ZA_nationality: South African
  ZA_nationality_plural: South Africans
  ZM_name: Zambia
  ZM_nationality: Zambian
  ZM_nationality_plural: Zambians
  ZW_name: Zimbabwe
  ZW_nationality: Zimbabwean
  ZW_nationality_plural: Zimbabweans
