---
fr:
  AD_name: Andorre
  AD_nationality: Andorran
  AD_nationality_plural: Andorrans
  AE_name: Émirats arabes unis
  AE_nationality: Émirien
  AE_nationality_plural: Émiriens
  AF_name: Afghanistan
  AF_nationality: Afghan
  AF_nationality_plural: Afghans
  AG_name: Antigua-et-Barbuda
  AG_nationality: Antiguais
  AG_nationality_plural: Antiguais
  AI_name: Anguilla
  AI_nationality: Anguillan
  AI_nationality_plural: Anguillans
  AL_name: Albanie
  AL_nationality: Albanais
  AL_nationality_plural: Albanais
  AM_name: Arménie
  AM_nationality: Arménien
  AM_nationality_plural: Arméniens
  AO_name: Angola
  AO_nationality: Angolais
  AO_nationality_plural: Angolais
  AQ_name: Antarctique
  AQ_nationality: Antarctique
  AQ_nationality_plural: Antarctiques
  AR_name: Argentine
  AR_nationality: Argentin
  AR_nationality_plural: Argentins
  AS_name: Samoa américaines
  AS_nationality: Samoan
  AS_nationality_plural: Samoans
  AT_name: Autriche
  AT_nationality: Autrichien
  AT_nationality_plural: Autrichiens
  AU_name: Australie
  AU_nationality: Australien
  AU_nationality_plural: Australiens
  AW_name: Aruba
  AW_nationality: Arubais
  AW_nationality_plural: Arubais
  AX_name: Îles Åland
  AX_nationality: Ålandais
  AX_nationality_plural: Ålandais
  AZ_name: Azerbaïdjan
  AZ_nationality: Azerbaïdjanais
  AZ_nationality_plural: Azerbaïdjanais
  BA_name: Bosnie-Herzégovine
  BA_nationality: Bosnien
  BA_nationality_plural: Bosniens
  BB_name: Barbade
  BB_nationality: Barbadien
  BB_nationality_plural: Barbadiens
  BD_name: Bangladesh
  BD_nationality: Bangladais
  BD_nationality_plural: Bangladais
  BE_name: Belgique
  BE_nationality: Belge
  BE_nationality_plural: Belges
  BF_name: Burkina Faso
  BF_nationality: Burkinabé
  BF_nationality_plural: Burkinabés
  BG_name: Bulgarie
  BG_nationality: Bulgare
  BG_nationality_plural: Bulgares
  BH_name: Bahreïn
  BH_nationality: Bahreïni
  BH_nationality_plural: Bahreïnis
  BI_name: Burundi
  BI_nationality: Burundais
  BI_nationality_plural: Burundais
  BJ_name: Bénin
  BJ_nationality: Béninois
  BJ_nationality_plural: Béninois
  BL_name: Saint-Barthélemy
  BL_nationality: Barthélemois
  BL_nationality_plural: Barthélemois
  BM_name: Bermudes
  BM_nationality: Bermudien
  BM_nationality_plural: Bermudiens
  BN_name: Brunéi
  BN_nationality: Brunéien
  BN_nationality_plural: Brunéiens
  BO_name: Bolivie
  BO_nationality: Bolivien
  BO_nationality_plural: Boliviens
  BQ_name: Bonaire, Saint-Eustache et Saba
  BQ_nationality: Bonairien
  BQ_nationality_plural: Bonairiens
  BR_name: Brésil
  BR_nationality: Brésilien
  BR_nationality_plural: Brésiliens
  BS_name: Bahamas
  BS_nationality: Bahaméen
  BS_nationality_plural: Bahaméens
  BT_name: Bhoutan
  BT_nationality: Bhoutanais
  BT_nationality_plural: Bhoutanais
  BV_name: Île Bouvet
  BV_nationality: Bouvet
  BV_nationality_plural: Bouvets
  BW_name: Botswana
  BW_nationality: Botswanais
  BW_nationality_plural: Botswanais
  BY_name: Biélorussie
  BY_nationality: Biélorusse
  BY_nationality_plural: Biélorusses
  BZ_name: Belize
  BZ_nationality: Bélizien
  BZ_nationality_plural: Béliziens
  CA_name: Canada
  CA_nationality: Canadien
  CA_nationality_plural: Canadiens
  CC_name: Îles Cocos
  CC_nationality: Cocossien
  CC_nationality_plural: Cocossiens
  CD_name: République démocratique du Congo
  CD_nationality: Congolais
  CD_nationality_plural: Congolais
  CF_name: République centrafricaine
  CF_nationality: Centrafricain
  CF_nationality_plural: Centrafricains
  CG_name: République du Congo
  CG_nationality: Congolais
  CG_nationality_plural: Congolais
  CH_name: Suisse
  CH_nationality: Suisse
  CH_nationality_plural: Suisses
  CI_name: Côte d'Ivoire
  CI_nationality: Ivoirien
  CI_nationality_plural: Ivoiriens
  CK_name: Îles Cook
  CK_nationality: Cookien
  CK_nationality_plural: Cookiens
  CL_name: Chili
  CL_nationality: Chilien
  CL_nationality_plural: Chiliens
  CM_name: Cameroun
  CM_nationality: Camerounais
  CM_nationality_plural: Camerounais
  CN_name: Chine
  CN_nationality: Chinois
  CN_nationality_plural: Chinois
  CO_name: Colombie
  CO_nationality: Colombien
  CO_nationality_plural: Colombiens
  CR_name: Costa Rica
  CR_nationality: Costaricain
  CR_nationality_plural: Costaricains
  CU_name: Cuba
  CU_nationality: Cubain
  CU_nationality_plural: Cubains
  CV_name: Cap-Vert
  CV_nationality: Cap-verdien
  CV_nationality_plural: Cap-verdiens
  CW_name: Curaçao
  CW_nationality: Curaçaotais
  CW_nationality_plural: Curaçaotais
  CX_name: Île Christmas
  CX_nationality: Christmasien
  CX_nationality_plural: Christmasiens
  CY_name: Chypre
  CY_nationality: Chypriote
  CY_nationality_plural: Chypriotes
  CZ_name: République tchèque
  CZ_nationality: Tchèque
  CZ_nationality_plural: Tchèques
  DE_name: Allemagne
  DE_nationality: Allemand
  DE_nationality_plural: Allemands
  DJ_name: Djibouti
  DJ_nationality: Djiboutien
  DJ_nationality_plural: Djiboutiens
  DK_name: Danemark
  DK_nationality: Danois
  DK_nationality_plural: Danois
  DM_name: Dominique
  DM_nationality: Dominiquais
  DM_nationality_plural: Dominiquais
  DO_name: République dominicaine
  DO_nationality: Dominicain
  DO_nationality_plural: Dominicains
  DZ_name: Algérie
  DZ_nationality: Algérien
  DZ_nationality_plural: Algériens
  EC_name: Équateur
  EC_nationality: Équatorien
  EC_nationality_plural: Équatoriens
  EE_name: Estonie
  EE_nationality: Estonien
  EE_nationality_plural: Estoniens
  EG_name: Égypte
  EG_nationality: Égyptien
  EG_nationality_plural: Égyptiens
  EH_name: Sahara occidental
  EH_nationality: Sahraoui
  EH_nationality_plural: Sahraouiis
  ER_name: Érythrée
  ER_nationality: Érythréen
  ER_nationality_plural: Érythréens
  ES_name: Espagne
  ES_nationality: Espagnol
  ES_nationality_plural: Espagnols
  ET_name: Éthiopie
  ET_nationality: Éthiopien
  ET_nationality_plural: Éthiopiens
  FI_name: Finlande
  FI_nationality: Finlandais
  FI_nationality_plural: Finlandais
  FJ_name: Fidji
  FJ_nationality: Fidjien
  FJ_nationality_plural: Fidjiens
  FK_name: Îles Malouines
  FK_nationality: Malouinier
  FK_nationality_plural: Malouiniers
  FM_name: Micronésie
  FM_nationality: Micronésien
  FM_nationality_plural: Micronésiens
  FO_name: Îles Féroé
  FO_nationality: Féroïen
  FO_nationality_plural: Féroïens
  FR_name: France
  FR_nationality: Français
  FR_nationality_plural: Français
  GA_name: Gabon
  GA_nationality: Gabonais
  GA_nationality_plural: Gabonais
  GB_name: Royaume-Uni
  GB_nationality: Britannique
  GB_nationality_plural: Britanniques
  GD_name: Grenade
  GD_nationality: Grenadien
  GD_nationality_plural: Grenadiens
  GE_name: Géorgie
  GE_nationality: Géorgien
  GE_nationality_plural: Géorgiens
  GF_name: Guyane française
  GF_nationality: Guyanais
  GF_nationality_plural: Guyanais
  GG_name: Guernesey
  GG_nationality: Guernesiais
  GG_nationality_plural: Guernesiais
  GH_name: Ghana
  GH_nationality: Ghanéen
  GH_nationality_plural: Ghanéens
  GI_name: Gibraltar
  GI_nationality: Gibraltarien
  GI_nationality_plural: Gibraltariens
  GL_name: Groenland
  GL_nationality: Groenlandais
  GL_nationality_plural: Groenlandais
  GM_name: Gambie
  GM_nationality: Gambien
  GM_nationality_plural: Gambiens
  GN_name: Guinée
  GN_nationality: Guinéen
  GN_nationality_plural: Guinéens
  GP_name: Guadeloupe
  GP_nationality: Guadeloupéen
  GP_nationality_plural: Guadeloupéens
  GQ_name: Guinée équatoriale
  GQ_nationality: Équato-guinéen
  GQ_nationality_plural: Équato-guinéens
  GR_name: Grèce
  GR_nationality: Grec
  GR_nationality_plural: Grecs
  GS_name: Géorgie du Sud-et-les îles Sandwich du Sud
  GS_nationality: Géorgien du Sud
  GS_nationality_plural: Géorgiens du Sud
  GT_name: Guatemala
  GT_nationality: Guatémaltèque
  GT_nationality_plural: Guatémaltèques
  GU_name: Guam
  GU_nationality: Guamien
  GU_nationality_plural: Guamiens
  GW_name: Guinée-Bissau
  GW_nationality: Bissau-guinéen
  GW_nationality_plural: Bissau-guinéens
  GY_name: Guyana
  GY_nationality: Guyanien
  GY_nationality_plural: Guyaniens
  HK_name: Hong Kong
  HK_nationality: Hongkongais
  HK_nationality_plural: Hongkongais
  HM_name: Îles Heard-et-MacDonald
  HM_nationality: Heardien
  HM_nationality_plural: Heardiens
  HN_name: Honduras
  HN_nationality: Hondurien
  HN_nationality_plural: Honduriens
  HR_name: Croatie
  HR_nationality: Croate
  HR_nationality_plural: Croates
  HT_name: Haïti
  HT_nationality: Haïtien
  HT_nationality_plural: Haïtiens
  HU_name: Hongrie
  HU_nationality: Hongrois
  HU_nationality_plural: Hongrois
  ID_name: Indonésie
  ID_nationality: Indonésien
  ID_nationality_plural: Indonésiens
  IE_name: Irlande
  IE_nationality: Irlandais
  IE_nationality_plural: Irlandais
  IL_name: Israël
  IL_nationality: Israélien
  IL_nationality_plural: Israéliens
  IM_name: Île de Man
  IM_nationality: Mannois
  IM_nationality_plural: Mannois
  IN_name: Inde
  IN_nationality: Indien
  IN_nationality_plural: Indiens
  IO_name: Territoire britannique de l'océan Indien
  IO_nationality: Britannique de l'océan Indien
  IO_nationality_plural: Britanniques de l'océan Indien
  IQ_name: Irak
  IQ_nationality: Irakien
  IQ_nationality_plural: Irakiens
  IR_name: Iran
  IR_nationality: Iranien
  IR_nationality_plural: Iraniens
  IS_name: Islande
  IS_nationality: Islandais
  IS_nationality_plural: Islandais
  IT_name: Italie
  IT_nationality: Italien
  IT_nationality_plural: Italiens
  JE_name: Jersey
  JE_nationality: Jersiais
  JE_nationality_plural: Jersiais
  JM_name: Jamaïque
  JM_nationality: Jamaïcain
  JM_nationality_plural: Jamaïcains
  JO_name: Jordanie
  JO_nationality: Jordanien
  JO_nationality_plural: Jordaniens
  JP_name: Japon
  JP_nationality: Japonais
  JP_nationality_plural: Japonais
  KE_name: Kenya
  KE_nationality: Kényan
  KE_nationality_plural: Kényans
  KG_name: Kirghizistan
  KG_nationality: Kirghize
  KG_nationality_plural: Kirghizes
  KH_name: Cambodge
  KH_nationality: Cambodgien
  KH_nationality_plural: Cambodgiens
  KI_name: Kiribati
  KI_nationality: Kiribatien
  KI_nationality_plural: Kiribatiens
  KM_name: Comores
  KM_nationality: Comorien
  KM_nationality_plural: Comoriens
  KN_name: Saint-Christophe-et-Niévès
  KN_nationality: Kittitien
  KN_nationality_plural: Kittitiens
  KP_name: Corée du Nord
  KP_nationality: Nord-coréen
  KP_nationality_plural: Nord-coréens
  KR_name: Corée du Sud
  KR_nationality: Sud-coréen
  KR_nationality_plural: Sud-coréens
  KW_name: Koweït
  KW_nationality: Koweïtien
  KW_nationality_plural: Koweïtiens
  KY_name: Îles Caïmans
  KY_nationality: Caïmanais
  KY_nationality_plural: Caïmanais
  KZ_name: Kazakhstan
  KZ_nationality: Kazakh
  KZ_nationality_plural: Kazakhs
  LA_name: Laos
  LA_nationality: Laotien
  LA_nationality_plural: Laotiens
  LB_name: Liban
  LB_nationality: Libanais
  LB_nationality_plural: Libanais
  LC_name: Sainte-Lucie
  LC_nationality: Saint-lucien
  LC_nationality_plural: Saint-luciens
  LI_name: Liechtenstein
  LI_nationality: Liechtensteinois
  LI_nationality_plural: Liechtensteinois
  LK_name: Sri Lanka
  LK_nationality: Sri-lankais
  LK_nationality_plural: Sri-lankais
  LR_name: Libéria
  LR_nationality: Libérien
  LR_nationality_plural: Libériens
  LS_name: Lesotho
  LS_nationality: Lésothien
  LS_nationality_plural: Lésothiens
  LT_name: Lituanie
  LT_nationality: Lituanien
  LT_nationality_plural: Lituaniens
  LU_name: Luxembourg
  LU_nationality: Luxembourgeois
  LU_nationality_plural: Luxembourgeois
  LV_name: Lettonie
  LV_nationality: Letton
  LV_nationality_plural: Lettons
  LY_name: Libye
  LY_nationality: Libyen
  LY_nationality_plural: Libyens
  MA_name: Maroc
  MA_nationality: Marocain
  MA_nationality_plural: Marocains
  MC_name: Monaco
  MC_nationality: Monégasque
  MC_nationality_plural: Monégasques
  MD_name: Moldavie
  MD_nationality: Moldave
  MD_nationality_plural: Moldaves
  ME_name: Monténégro
  ME_nationality: Monténégrin
  ME_nationality_plural: Monténégrins
  MF_name: Saint-Martin
  MF_nationality: Saint-martinois
  MF_nationality_plural: Saint-martinois
  MG_name: Madagascar
  MG_nationality: Malgache
  MG_nationality_plural: Malgaches
  MH_name: Îles Marshall
  MH_nationality: Marshallais
  MH_nationality_plural: Marshallais
  MK_name: Macédoine du Nord
  MK_nationality: Macédonien
  MK_nationality_plural: Macédoniens
  ML_name: Mali
  ML_nationality: Malien
  ML_nationality_plural: Maliens
  MM_name: Myanmar
  MM_nationality: Birman
  MM_nationality_plural: Birmans
  MN_name: Mongolie
  MN_nationality: Mongol
  MN_nationality_plural: Mongols
  MO_name: Macao
  MO_nationality: Macanéen
  MO_nationality_plural: Macanéens
  MP_name: Îles Mariannes du Nord
  MP_nationality: Marianais
  MP_nationality_plural: Marianais
  MQ_name: Martinique
  MQ_nationality: Martiniquais
  MQ_nationality_plural: Martiniquais
  MR_name: Mauritanie
  MR_nationality: Mauritanien
  MR_nationality_plural: Mauritaniens
  MS_name: Montserrat
  MS_nationality: Montserratien
  MS_nationality_plural: Montserratiens
  MT_name: Malte
  MT_nationality: Maltais
  MT_nationality_plural: Maltais
  MU_name: Maurice
  MU_nationality: Mauricien
  MU_nationality_plural: Mauriciens
  MV_name: Maldives
  MV_nationality: Maldivien
  MV_nationality_plural: Maldiviens
  MW_name: Malawi
  MW_nationality: Malawien
  MW_nationality_plural: Malawiens
  MX_name: Mexique
  MX_nationality: Mexicain
  MX_nationality_plural: Mexicains
  MY_name: Malaisie
  MY_nationality: Malaisien
  MY_nationality_plural: Malaisiens
  MZ_name: Mozambique
  MZ_nationality: Mozambicain
  MZ_nationality_plural: Mozambicains
  NA_name: Namibie
  NA_nationality: Namibien
  NA_nationality_plural: Namibiens
  NC_name: Nouvelle-Calédonie
  NC_nationality: Néo-calédonien
  NC_nationality_plural: Néo-calédoniens
  NE_name: Niger
  NE_nationality: Nigérien
  NE_nationality_plural: Nigériens
  NF_name: Île Norfolk
  NF_nationality: Norfolkais
  NF_nationality_plural: Norfolkais
  NG_name: Nigeria
  NG_nationality: Nigérian
  NG_nationality_plural: Nigérians
  NI_name: Nicaragua
  NI_nationality: Nicaraguayen
  NI_nationality_plural: Nicaraguayens
  NL_name: Pays-Bas
  NL_nationality: Néerlandais
  NL_nationality_plural: Néerlandais
  NO_name: Norvège
  NO_nationality: Norvégien
  NO_nationality_plural: Norvégiens
  NP_name: Népal
  NP_nationality: Népalais
  NP_nationality_plural: Népalais
  NR_name: Nauru
  NR_nationality: Nauruan
  NR_nationality_plural: Nauruans
  NU_name: Niue
  NU_nationality: Niuéen
  NU_nationality_plural: Niuéens
  NZ_name: Nouvelle-Zélande
  NZ_nationality: Néo-zélandais
  NZ_nationality_plural: Néo-zélandais
  OM_name: Oman
  OM_nationality: Omanais
  OM_nationality_plural: Omanais
  PA_name: Panama
  PA_nationality: Panaméen
  PA_nationality_plural: Panaméens
  PE_name: Pérou
  PE_nationality: Péruvien
  PE_nationality_plural: Péruviens
  PF_name: Polynésie française
  PF_nationality: Polynésien
  PF_nationality_plural: Polynésiens
  PG_name: Papouasie-Nouvelle-Guinée
  PG_nationality: Papou-néo-guinéen
  PG_nationality_plural: Papous-néo-guinéens
  PH_name: Philippines
  PH_nationality: Philippin
  PH_nationality_plural: Philippins
  PK_name: Pakistan
  PK_nationality: Pakistanais
  PK_nationality_plural: Pakistanais
  PL_name: Pologne
  PL_nationality: Polonais
  PL_nationality_plural: Polonais
  PM_name: Saint-Pierre-et-Miquelon
  PM_nationality: Saint-pierrais
  PM_nationality_plural: Saint-pierrais
  PN_name: Îles Pitcairn
  PN_nationality: Pitcairnais
  PN_nationality_plural: Pitcairnais
  PR_name: Porto Rico
  PR_nationality: Portoricain
  PR_nationality_plural: Portoricains
  PS_name: Territoire palestinien
  PS_nationality: Palestinien
  PS_nationality_plural: Palestiniens
  PT_name: Portugal
  PT_nationality: Portugais
  PT_nationality_plural: Portugais
  PW_name: Palaos
  PW_nationality: Palaosien
  PW_nationality_plural: Palaosiens
  PY_name: Paraguay
  PY_nationality: Paraguayen
  PY_nationality_plural: Paraguayens
  QA_name: Qatar
  QA_nationality: Qatarien
  QA_nationality_plural: Qatariens
  RE_name: La Réunion
  RE_nationality: Réunionnais
  RE_nationality_plural: Réunionnais
  RO_name: Roumanie
  RO_nationality: Roumain
  RO_nationality_plural: Roumains
  RS_name: Serbie
  RS_nationality: Serbe
  RS_nationality_plural: Serbes
  RU_name: Russie
  RU_nationality: Russe
  RU_nationality_plural: Russes
  RW_name: Rwanda
  RW_nationality: Rwandais
  RW_nationality_plural: Rwandais
  SA_name: Arabie saoudite
  SA_nationality: Saoudien
  SA_nationality_plural: Saoudiens
  SB_name: Îles Salomon
  SB_nationality: Salomonais
  SB_nationality_plural: Salomonais
  SC_name: Seychelles
  SC_nationality: Seychellois
  SC_nationality_plural: Seychellois
  SD_name: Soudan
  SD_nationality: Soudanais
  SD_nationality_plural: Soudanais
  SE_name: Suède
  SE_nationality: Suédois
  SE_nationality_plural: Suédois
  SG_name: Singapour
  SG_nationality: Singapourien
  SG_nationality_plural: Singapouriens
  SH_name: Sainte-Hélène
  SH_nationality: Saint-hélénien
  SH_nationality_plural: Saint-héléniens
  SI_name: Slovénie
  SI_nationality: Slovène
  SI_nationality_plural: Slovènes
  SJ_name: Svalbard et Jan Mayen
  SJ_nationality: Svalbardien
  SJ_nationality_plural: Svalbardiens
  SK_name: Slovaquie
  SK_nationality: Slovaque
  SK_nationality_plural: Slovaques
  SL_name: Sierra Leone
  SL_nationality: Sierra-léonais
  SL_nationality_plural: Sierra-léonais
  SM_name: Saint-Marin
  SM_nationality: Saint-marinais
  SM_nationality_plural: Saint-marinais
  SN_name: Sénégal
  SN_nationality: Sénégalais
  SN_nationality_plural: Sénégalais
  SO_name: Somalie
  SO_nationality: Somalien
  SO_nationality_plural: Somaliens
  SR_name: Suriname
  SR_nationality: Surinamais
  SR_nationality_plural: Surinamais
  SS_name: Soudan du Sud
  SS_nationality: Sud-soudanais
  SS_nationality_plural: Sud-soudanais
  ST_name: Sao Tomé-et-Principe
  ST_nationality: Santoméen
  ST_nationality_plural: Santoméens
  SV_name: Salvador
  SV_nationality: Salvadorien
  SV_nationality_plural: Salvadoriens
  SX_name: Saint-Martin
  SX_nationality: Saint-martinois
  SX_nationality_plural: Saint-martinois
  SY_name: Syrie
  SY_nationality: Syrien
  SY_nationality_plural: Syriens
  SZ_name: Eswatini
  SZ_nationality: Swazi
  SZ_nationality_plural: Swazis
  TC_name: Îles Turques-et-Caïques
  TC_nationality: Turquais
  TC_nationality_plural: Turquais
  TD_name: Tchad
  TD_nationality: Tchadien
  TD_nationality_plural: Tchadiens
  TF_name: Terres australes françaises
  TF_nationality: Français des Terres australes
  TF_nationality_plural: Français des Terres australes
  TG_name: Togo
  TG_nationality: Togolais
  TG_nationality_plural: Togolais
  TH_name: Thaïlande
  TH_nationality: Thaïlandais
  TH_nationality_plural: Thaïlandais
  TJ_name: Tadjikistan
  TJ_nationality: Tadjik
  TJ_nationality_plural: Tadjiks
  TK_name: Tokelau
  TK_nationality: Tokelauais
  TK_nationality_plural: Tokelauais
  TL_name: Timor oriental
  TL_nationality: Est-timorien
  TL_nationality_plural: Est-timoriens
  TM_name: Turkménistan
  TM_nationality: Turkmène
  TM_nationality_plural: Turkmènes
  TN_name: Tunisie
  TN_nationality: Tunisien
  TN_nationality_plural: Tunisiens
  TO_name: Tonga
  TO_nationality: Tongien
  TO_nationality_plural: Tongiens
  TR_name: Turquie
  TR_nationality: Turc
  TR_nationality_plural: Turcs
  TT_name: Trinité-et-Tobago
  TT_nationality: Trinidadien
  TT_nationality_plural: Trinidadiens
  TV_name: Tuvalu
  TV_nationality: Tuvaluan
  TV_nationality_plural: Tuvaluans
  TW_name: Taïwan
  TW_nationality: Taïwanais
  TW_nationality_plural: Taïwanais
  TZ_name: Tanzanie
  TZ_nationality: Tanzanien
  TZ_nationality_plural: Tanzaniens
  UA_name: Ukraine
  UA_nationality: Ukrainien
  UA_nationality_plural: Ukrainiens
  UG_name: Ouganda
  UG_nationality: Ougandais
  UG_nationality_plural: Ougandais
  UM_name: Îles mineures éloignées des États-Unis
  UM_nationality: Américain des îles mineures
  UM_nationality_plural: Américains des îles mineures
  US_name: États-Unis
  US_nationality: Américain
  US_nationality_plural: Américains
  UY_name: Uruguay
  UY_nationality: Uruguayen
  UY_nationality_plural: Uruguayens
  UZ_name: Ouzbékistan
  UZ_nationality: Ouzbek
  UZ_nationality_plural: Ouzbeks
  VA_name: Cité du Vatican
  VA_nationality: Vatican
  VA_nationality_plural: Vaticans
  VC_name: Saint-Vincent-et-les-Grenadines
  VC_nationality: Saint-vincentais
  VC_nationality_plural: Saint-vincentais
  VE_name: Venezuela
  VE_nationality: Vénézuélien
  VE_nationality_plural: Vénézuéliens
  VG_name: Îles Vierges britanniques
  VG_nationality: Vierge britannique
  VG_nationality_plural: Vierges britanniques
  VI_name: Îles Vierges des États-Unis
  VI_nationality: Vierge américain
  VI_nationality_plural: Vierges américains
  VN_name: Viêt Nam
  VN_nationality: Vietnamien
  VN_nationality_plural: Vietnamiens
  VU_name: Vanuatu
  VU_nationality: Vanuatuan
  VU_nationality_plural: Vanuatuans
  WF_name: Wallis-et-Futuna
  WF_nationality: Wallisien
  WF_nationality_plural: Wallisiens
  WS_name: Samoa
  WS_nationality: Samoan
  WS_nationality_plural: Samoans
  XK_name: Kosovo
  XK_nationality: Kosovar
  XK_nationality_plural: Kosovars
  YE_name: Yémen
  YE_nationality: Yéménite
  YE_nationality_plural: Yéménites
  YT_name: Mayotte
  YT_nationality: Mahorais
  YT_nationality_plural: Mahorais
  ZA_name: Afrique du Sud
  ZA_nationality: Sud-africain
  ZA_nationality_plural: Sud-africains
  ZM_name: Zambie
  ZM_nationality: Zambien
  ZM_nationality_plural: Zambiens
  ZW_name: Zimbabwe
  ZW_nationality: Zimbabwéen
  ZW_nationality_plural: Zimbabwéens
