---
hi:
  AD_name: अंडोरा
  AD_nationality: अंडोर्राई
  AD_nationality_plural: अंडोर्राई
  AE_name: संयुक्त अरब अमीरात
  AE_nationality_plural: अमीरियों
  AF_name: अफगानिस्तान
  AF_nationality: अफगानी
  AF_nationality_plural: अफगान
  AG_name: एंटिगुआ और बारबूडा
  AG_nationality: एंटीगुआ
  AG_nationality_plural: एंटीगुआ
  AI_name: एंगुइला
  AI_nationality: अंगुइलान
  AI_nationality_plural: अंगुइलियन
  AL_name: अल्बानिया
  AL_nationality: अल्बानियाई
  AL_nationality_plural: अल्बेनियन
  AM_name: आर्मेनिया
  AM_nationality: आर्मेनियाई
  AM_nationality_plural: आर्मेनियन
  AO_name: अंगोला
  AO_nationality: अंगोला
  AO_nationality_plural: अंगोलन
  AQ_name: अंटार्कटिका
  AQ_nationality: अंटार्कटिक
  AQ_nationality_plural: अंटार्कटिक
  AR_name: अर्जेंटीना
  AR_nationality: अर्जेंटीना
  AR_nationality_plural: अर्जेंटाइन
  AS_name: अमेरिकी समोआ
  AS_nationality: सामोअन
  AS_nationality_plural: सामोअन
  AT_name: ऑस्ट्रिया
  AT_nationality: ऑस्ट्रियाई
  AT_nationality_plural: ऑस्ट्रियन
  AU_name: ऑस्ट्रेलिया
  AU_nationality: ऑस्ट्रेलियाई
  AU_nationality_plural: ऑस्ट्रेलियन
  AW_name: अरूबा
  AW_nationality: अरूबियन
  AW_nationality_plural: अरूबियन
  AX_name: आलैंड द्वीपसमूह
  AX_nationality: आलैंडिक
  AX_nationality_plural: आलैंडिक
  AZ_name: अज़रबाइजान
  AZ_nationality: अज़रबैजानी
  AZ_nationality_plural: अज़रबैजानी
  BA_name: बोस्निया और हर्ज़ेगोविना
  BA_nationality: बोस्नियाई
  BA_nationality_plural: बोस्नियन
  BB_name: बारबाडोस
  BB_nationality: बारबाडियन
  BB_nationality_plural: बारबाडियन
  BD_name: बांगलादेश
  BD_nationality: बांगलादेशी
  BD_nationality_plural: बांगलादेशी
  BE_name: बेल्जियम
  BE_nationality: बेल्जियमी
  BE_nationality_plural: बेल्जियन
  BF_name: बुर्किना फासो
  BF_nationality: बुर्किना फासो
  BF_nationality_plural: बुर्किना फासो
  BG_name: बुल्गारिया
  BG_nationality: बुल्गारियाई
  BG_nationality_plural: बुल्गारियन
  BH_name: बहरीन
  BH_nationality: बहरीनी
  BH_nationality_plural: बहरीनी
  BI_name: बुरुंडी
  BI_nationality: बुरुंडी
  BI_nationality_plural: बुरुंडी
  BJ_name: बेनिन
  BJ_nationality: बेनिनी
  BJ_nationality_plural: बेनिनी
  BL_name: सेंट बार्थेलेमी
  BL_nationality: बार्थेलेमोइस
  BL_nationality_plural: बार्थेलेमोइस
  BM_name: बरमूडा
  BM_nationality: बरमूडा
  BM_nationality_plural: बरमूडा
  BN_name: ब्रुनेई
  BN_nationality: ब्रुनेई
  BN_nationality_plural: ब्रुनेई
  BO_name: बोलीविया
  BO_nationality: बोलिवियाई
  BO_nationality_plural: बोलिवियन
  BQ_name: बोनेयर, सेंट यूस्टेशियस और साबा
  BQ_nationality: बोनेयर निवासी
  BQ_nationality_plural: बोनेयर निवासी
  BR_name: ब्राज़ील
  BR_nationality: ब्राज़ीली
  BR_nationality_plural: ब्राज़ीली
  BS_name: बहामास
  BS_nationality: बहामी
  BS_nationality_plural: बहामास
  BT_name: भूटान
  BT_nationality: भूटानी
  BT_nationality_plural: भूटानी
  BV_name: बोवेत द्वीप
  BV_nationality: बोवे द्वीपीय
  BV_nationality_plural: बोवेट
  BW_name: बोत्सवाना
  BW_nationality: मोट्सवाना
  BW_nationality_plural: बोत्सवाना
  BY_name: बेलारूस
  BY_nationality: बेलारूसी
  BY_nationality_plural: बेलारूसी
  BZ_name: बेलीज़
  BZ_nationality: बेलीज़ी
  BZ_nationality_plural: बेलीज़ी
  CA_name: कनाडा
  CA_nationality: कनाडाई
  CA_nationality_plural: कनाडियन
  CC_name: कोकोस द्वीपसमूह
  CC_nationality: कोकोसी
  CC_nationality_plural: कोकोस
  CD_name: कांगो लोकतांत्रिक गणराज्य
  CD_nationality: कांगोली
  CD_nationality_plural: कांगोली
  CF_name: मध्य अफ्रीकी गणराज्य
  CF_nationality: मध्य अफ्रीकी
  CF_nationality_plural: मध्य अफ्रीकी
  CG_name: कांगो गणराज्य
  CG_nationality: कांगोली
  CG_nationality_plural: कांगोली
  CH_name: स्विट्ज़रलैंड
  CH_nationality: स्विस
  CH_nationality_plural: स्विस
  CI_name: आईवरी कोस्ट
  CI_nationality: आईवरी कोस्ट
  CI_nationality_plural: आईवरी कोस्ट
  CK_name: कुक द्वीपसमूह
  CK_nationality: कुक द्वीपीय
  CK_nationality_plural: कुक द्वीपसमूह
  CL_name: चिली
  CL_nationality: चिली
  CL_nationality_plural: चिली
  CM_name: कैमरून
  CM_nationality: कैमरूनी
  CM_nationality_plural: कैमरूनी
  CN_name: चीन
  CN_nationality: चीनी
  CN_nationality_plural: चीनी
  CO_name: कोलंबिया
  CO_nationality: कोलंबियाई
  CO_nationality_plural: कोलंबियन
  CR_name: कोस्टारिका
  CR_nationality: कोस्टा रिका
  CR_nationality_plural: कोस्टारिकन
  CU_name: क्यूबा
  CU_nationality: क्यूबाई
  CU_nationality_plural: क्यूबाई
  CV_name: केप वर्ड
  CV_nationality: केप वर्डी
  CV_nationality_plural: केप वर्डी
  CW_name: कुराकाओ
  CW_nationality: कुरासाओ
  CW_nationality_plural: कुरासाओ
  CX_name: क्रिसमस द्वीप
  CX_nationality: क्रिसमस द्वीपीय
  CX_nationality_plural: क्रिसमस द्वीप
  CY_name: साइप्रस
  CY_nationality: साइप्रसी
  CY_nationality_plural: साइप्रस
  CZ_name: चेक गणराज्य
  CZ_nationality: चेक
  CZ_nationality_plural: चेक
  DE_name: जर्मनी
  DE_nationality: जर्मन
  DE_nationality_plural: जर्मन
  DJ_name: जिबूती
  DJ_nationality: जिबूती
  DJ_nationality_plural: जिबूती
  DK_name: डेनमार्क
  DK_nationality: डेनिश
  DK_nationality_plural: डेनिश
  DM_name: डोमिनिका
  DM_nationality: डोमिनिकन
  DM_nationality_plural: डोमिनिकन
  DO_name: डोमिनिकन गणराज्य
  DO_nationality: डोमिनिकन
  DO_nationality_plural: डोमिनिकन
  DZ_name: अल्जीरिया
  DZ_nationality: अल्जीरियाई
  DZ_nationality_plural: अल्जीरियन
  EC_name: इक्वाडोर
  EC_nationality: इक्वाडोरी
  EC_nationality_plural: इक्वाडोरी
  EE_name: एस्टोनिया
  EE_nationality: एस्टोनियाई
  EE_nationality_plural: एस्टोनियन
  EG_name: मिस्र
  EG_nationality: मिस्री
  EG_nationality_plural: मिस्री
  EH_name: पश्चिमी सहारा
  EH_nationality: पश्चिमी सहारा
  EH_nationality_plural: पश्चिमी सहारा
  ER_name: इरिट्रिया
  ER_nationality: इरिट्रियाई
  ER_nationality_plural: इरिट्रियन
  ES_name: स्पेन
  ES_nationality: स्पेनिश
  ES_nationality_plural: स्पेनिश
  ET_name: इथियोपिया
  ET_nationality: इथियोपियाई
  ET_nationality_plural: इथियोपियन
  FI_name: फिनलैंड
  FI_nationality: फिनिश
  FI_nationality_plural: फिनिश
  FJ_name: फ़िजी
  FJ_nationality: फ़िजी
  FJ_nationality_plural: फिजी
  FK_name: फ़ॉकलैंड द्वीपसमूह
  FK_nationality: फ़ॉकलैंड द्वीपीय
  FK_nationality_plural: फ़ॉकलैंड द्वीपसमूह
  FM_name: माइक्रोनेशिया
  FM_nationality: माइक्रोनेशियाई
  FM_nationality_plural: माइक्रोनेशियन
  FO_name: फ़ेरो द्वीपसमूह
  FO_nationality: फ़ैरोइज़
  FO_nationality_plural: फ़ैरोइज़
  FR_name: फ्रांस
  FR_nationality: फ़्रांसीसी
  FR_nationality_plural: फ्रेंच
  GA_name: गैबॉन
  GA_nationality: गैबोनी
  GA_nationality_plural: गैबोनी
  GB_name: यूनाइटेड किंगडम
  GB_nationality: ब्रिटिश
  GB_nationality_plural: ब्रिटिश
  GD_name: ग्रेनाडा
  GD_nationality: ग्रेनेडियन
  GD_nationality_plural: ग्रेनेडियन
  GE_name: जॉर्जिया
  GE_nationality: जॉर्जियाई
  GE_nationality_plural: जॉर्जियन
  GF_name: फ़्रेंच गुयाना
  GF_nationality: फ़्रेंच गुयानी
  GF_nationality_plural: फ़्रेंच गुयानी
  GG_name: ग्वेर्नसे
  GG_nationality: चैनल द्वीपवासी
  GG_nationality_plural: चैनल द्वीपवासी
  GH_name: घाना
  GH_nationality: घानी
  GH_nationality_plural: घानी
  GI_name: जिब्राल्टर
  GI_nationality: जिब्राल्टरी
  GI_nationality_plural: जिब्राल्टरी
  GL_name: ग्रीनलैंड
  GL_nationality: ग्रीनलैंडर
  GL_nationality_plural: ग्रीनलैंडी
  GM_name: गाम्बिया
  GM_nationality: गाम्बियाई
  GM_nationality_plural: गाम्बियन
  GN_name: गिनी
  GN_nationality: गिनी
  GN_nationality_plural: गिनी
  GP_name: ग्वाडेलोप
  GP_nationality: ग्वाडेलूपीय
  GP_nationality_plural: ग्वाडेलोपियन
  GQ_name: भूमध्यरेखीय गिनी
  GQ_nationality: भूमध्यवर्ती गिनी
  GQ_nationality_plural: भूमध्य गिनी
  GR_name: यूनान
  GR_nationality: यूनानी
  GR_nationality_plural: यूनानी
  GS_name: दक्षिणी जॉर्जिया और दक्षिणी सैंडविच द्वीपसमूह
  GS_nationality: दक्षिण जॉर्जियाई
  GT_name: ग्वाटेमाला
  GT_nationality: ग्वाटेमाला
  GT_nationality_plural: ग्वाटेमाला
  GU_name: गुआम
  GU_nationality: गुआमानियन
  GU_nationality_plural: गुआमानियन
  GW_name: गिनी-बिसाउ
  GW_nationality: गिनी-बिसाउ
  GW_nationality_plural: गिनी-बिसाउ
  GY_name: गुयाना
  GY_nationality: गुयानी
  GY_nationality_plural: गुयानी
  HK_name: हांगकांग
  HK_nationality: हांगकांगी
  HK_nationality_plural: हांगकांग
  HM_name: हर्ड द्वीप और मैकडोनाल्ड द्वीपसमूह
  HM_nationality: हर्ड और मैकडोनाल्ड द्वीपवासी
  HM_nationality_plural: हर्ड और मैकडोनाल्ड द्वीपवासी
  HN_name: होंडुरास
  HN_nationality: होंडुरासी
  HN_nationality_plural: होंडुरास
  HR_name: क्रोएशिया
  HR_nationality: क्रोएशियाई
  HR_nationality_plural: क्रोएशियाई
  HT_name: हैती
  HT_nationality: हैतियाई
  HT_nationality_plural: हैतियन
  HU_name: हंगरी
  HU_nationality: हंगेरियाई
  HU_nationality_plural: हंगेरियन
  ID_name: इंडोनेशिया
  ID_nationality: इंडोनेशियाई
  ID_nationality_plural: इंडोनेशियन
  IE_name: आयरलैंड
  IE_nationality: आयरिश
  IE_nationality_plural: आयरिश
  IL_name: इज़राइल
  IL_nationality: इज़राइली
  IL_nationality_plural: इज़राइली
  IM_name: आइल ऑफ़ मैन
  IM_nationality: मैंक्स
  IM_nationality_plural: मैंक्स
  IN_name: भारत
  IN_nationality: भारतीय
  IN_nationality_plural: भारतीय
  IO_name: ब्रिटिश हिंद महासागरीय क्षेत्र
  IO_nationality: ब्रिटिश हिंद महासागर क्षेत्र निवासी
  IO_nationality_plural: ब्रिटिश हिंद महासागर क्षेत्र निवासी
  IQ_name: इराक़
  IQ_nationality: इराक़ी
  IQ_nationality_plural: इराक़ी
  IR_name: ईरान
  IR_nationality: ईरानी
  IR_nationality_plural: ईरानी
  IS_name: आइसलैंड
  IS_nationality: आइसलैंडर
  IS_nationality_plural: आइसलैंडिक
  IT_name: इटली
  IT_nationality: इतालवी
  IT_nationality_plural: इटालियन
  JE_name: जर्सी
  JE_nationality: चैनल द्वीपवासी
  JE_nationality_plural: चैनल द्वीपवासी
  JM_name: जमैका
  JM_nationality: जमैकन
  JM_nationality_plural: जमैकन
  JO_name: जॉर्डन
  JO_nationality: जॉर्डनी
  JO_nationality_plural: जॉर्डनी
  JP_name: जापान
  JP_nationality: जापानी
  JP_nationality_plural: जापानी
  KE_name: केन्या
  KE_nationality: केन्याई
  KE_nationality_plural: केन्याई
  KG_name: किर्गिज़स्तान
  KG_nationality: किर्गिज़स्तानी
  KG_nationality_plural: किर्गिज़
  KH_name: कंबोडिया
  KH_nationality: कंबोडियाई
  KH_nationality_plural: कंबोडियन
  KI_name: किरिबाती
  KI_nationality: आई-किरिबाती
  KI_nationality_plural: आई-किरिबाती
  KM_name: कोमोरोस
  KM_nationality: कोमोरियाई
  KM_nationality_plural: कोमोरियन
  KN_name: सेंट किट्स और नेविस
  KN_nationality: किट्टियन
  KN_nationality_plural: किट्टीश
  KP_name: उत्तर कोरिया
  KP_nationality: उत्तर कोरियाई
  KP_nationality_plural: उत्तर कोरियाई
  KR_name: दक्षिण कोरिया
  KR_nationality: दक्षिण कोरियाई
  KR_nationality_plural: दक्षिण कोरियाई
  KW_name: कुवैत
  KW_nationality: कुवैती
  KW_nationality_plural: कुवैती
  KY_name: केमैन द्वीपसमूह
  KY_nationality: केमेन द्वीपीय
  KY_nationality_plural: केमेन द्वीपसमूह
  KZ_name: कज़ाख़स्तान
  KZ_nationality: कज़ाख़स्तानी
  KZ_nationality_plural: कज़ाख़
  LA_name: लाओस
  LA_nationality: लाओ
  LA_nationality_plural: लाओ
  LB_name: लेबनान
  LB_nationality: लेबनानी
  LB_nationality_plural: लेबनानी
  LC_name: सेंट लूसिया
  LC_nationality: सेंट लूसियन
  LC_nationality_plural: सेंट लूसियन
  LI_name: लिकटेंस्टीन
  LI_nationality: लिकटेंस्टाइनर
  LI_nationality_plural: लिकटेंस्टाइनर
  LK_name: श्रीलंका
  LK_nationality: श्रीलंकाई
  LK_nationality_plural: श्रीलंकाई
  LR_name: लाइबेरिया
  LR_nationality: लाइबेरियाई
  LR_nationality_plural: लाइबेरियन
  LS_name: लेसोथो
  LS_nationality: मोसोथो
  LS_nationality_plural: मोसोथो
  LT_name: लिथुआनिया
  LT_nationality: लिथुआनियाई
  LT_nationality_plural: लिथुआनियन
  LU_name: लक्ज़मबर्ग
  LU_nationality: लक्ज़मबर्गी
  LU_nationality_plural: लक्ज़मबर्गी
  LV_name: लातविया
  LV_nationality: लातवियाई
  LV_nationality_plural: लातवियाई
  LY_name: लीबिया
  LY_nationality: लीबियाई
  LY_nationality_plural: लीबियाई
  MA_name: मोरक्को
  MA_nationality: मोरक्कोई
  MA_nationality_plural: मोरोक्कन
  MC_name: मोनाको
  MC_nationality: मोनाको
  MC_nationality_plural: मोनाको
  MD_name: मोल्डोवा
  MD_nationality: मोल्डोवाई
  MD_nationality_plural: मोल्डोवन
  ME_name: मोंटेनेग्रो
  ME_nationality: मोंटेनेग्रिन
  ME_nationality_plural: मोंटेनेग्रिन
  MF_name: सेंट मार्टिन
  MF_nationality: सेंट मार्टिन द्वीपवासी
  MF_nationality_plural: सेंट मार्टिन द्वीपवासी
  MG_name: मेडागास्कर
  MG_nationality: मालागासी
  MG_nationality_plural: मालागासी
  MH_name: मार्शल द्वीपसमूह
  MH_nationality: मार्शलीज़
  MH_nationality_plural: मार्शलीज़
  MK_name: मैसेडोनिया
  MK_nationality: मैसेडोनियाई
  MK_nationality_plural: मैसिडोनियन
  ML_name: माली
  ML_nationality: मालीई
  ML_nationality_plural: माली
  MM_name: म्यांमार
  MM_nationality: म्यांमारी
  MM_nationality_plural: म्यांमारी
  MN_name: मंगोलिया
  MN_nationality: मंगोलियाई
  MN_nationality_plural: मंगोलियन
  MO_name: मकाऊ
  MO_nationality: मकानीज़
  MO_nationality_plural: मकानीज़
  MP_name: उत्तरी मारियाना द्वीपसमूह
  MP_nationality: उत्तरी मेरियाना द्वीपीय
  MP_nationality_plural: उत्तरी मारियाना द्वीपसमूह
  MQ_name: मार्टिनिक
  MQ_nationality: मार्टिनिकन
  MQ_nationality_plural: मार्टिनिकन
  MR_name: मॉरिटानिया
  MR_nationality: मॉरिटानियाई
  MR_nationality_plural: मॉरिटानियन
  MS_name: मॉन्टसेराट
  MS_nationality: मॉन्टसेराती
  MS_nationality_plural: मॉन्टसेराती
  MT_name: माल्टा
  MT_nationality: माल्टीज़
  MT_nationality_plural: माल्टीज़
  MU_name: मॉरिशस
  MU_nationality: मॉरिशियाई
  MU_nationality_plural: मॉरिशियन
  MV_name: मालदीव
  MV_nationality: मालदीवी
  MV_nationality_plural: मालदीवी
  MW_name: मलावी
  MW_nationality: मलावी
  MW_nationality_plural: मलावी
  MX_name: मेक्सिको
  MX_nationality: मैक्सिकन
  MX_nationality_plural: मैक्सिकन
  MY_name: मलेशिया
  MY_nationality: मलेशियाई
  MY_nationality_plural: मलेशियन
  MZ_name: मोज़ाम्बिक
  MZ_nationality: मोज़ाम्बिकी
  MZ_nationality_plural: मोज़ाम्बिकन
  NA_name: नामीबिया
  NA_nationality: नामीबियाई
  NA_nationality_plural: नामीबियन
  NC_name: न्यू कैलेडोनिया
  NC_nationality: न्यू कैलेडोनियाई
  NC_nationality_plural: न्यू कैलेडोनियन
  NE_name: नाइजर
  NE_nationality: नाइजरी
  NE_nationality_plural: नाइजरी
  NF_name: नॉरफ़ॉक द्वीप
  NF_nationality: नॉरफ़ॉक द्वीपीय
  NF_nationality_plural: नॉरफ़ॉक द्वीप
  NG_name: नाइजीरिया
  NG_nationality: नाइजीरियाई
  NG_nationality_plural: नाइजीरियन
  NI_name: निकारागुआ
  NI_nationality: निकारागुआई
  NI_nationality_plural: निकारागुअन
  NL_name: नीदरलैंड
  NL_nationality: डच
  NL_nationality_plural: डच
  NO_name: नॉर्वे
  NO_nationality: नॉर्वेजियाई
  NO_nationality_plural: नॉर्वेजियन
  NP_name: नेपाल
  NP_nationality: नेपाली
  NP_nationality_plural: नेपाली
  NR_name: नाउरू
  NR_nationality: नाउरुई
  NR_nationality_plural: नाउरूआन
  NU_name: नीयू
  NU_nationality: नियूआन
  NU_nationality_plural: नियूआन
  NZ_name: न्यूज़ीलैंड
  NZ_nationality: न्यूज़ीलैंडी
  NZ_nationality_plural: न्यूज़ीलैंडर
  OM_name: ओमान
  OM_nationality: ओमानी
  OM_nationality_plural: ओमानी
  PA_name: पनामा
  PA_nationality: पनामेनियाई
  PA_nationality_plural: पनामानियन
  PE_name: पेरू
  PE_nationality: पेरूवियाई
  PE_nationality_plural: पेरूवियन
  PF_name: फ़्रेंच पॉलिनेशिया
  PF_nationality: फ़्रेंच पॉलिनेशियाई
  PF_nationality_plural: फ़्रेंच पॉलिनेशियन
  PG_name: पापुआ न्यू गिनी
  PG_nationality: पापुआ न्यू गिनीयाई
  PG_nationality_plural: पापुआ न्यू गिनी
  PH_name: फिलीपींस
  PH_nationality: फ़िलिपीनी
  PH_nationality_plural: फ़िलिपिनो
  PK_name: पाकिस्तान
  PK_nationality: पाकिस्तानी
  PK_nationality_plural: पाकिस्तानी
  PL_name: पोलैंड
  PL_nationality: पोलिश
  PL_nationality_plural: पोलिश
  PM_name: सेंट पियरे और मिक्वेलन
  PM_nationality: सेंट-पियर्रे
  PM_nationality_plural: सेंट पियरियन
  PN_name: पिटकैर्न
  PN_nationality: पिटकैर्न द्वीपीय
  PN_nationality_plural: पिटकैर्न द्वीपसमूह
  PR_name: प्यूर्टो रिको
  PR_nationality: प्यूर्टो रिको
  PR_nationality_plural: प्यूर्टो रिकन
  PS_name: पालेस्टाइनियन क्षेत्र
  PS_nationality: पालेस्टीनी
  PS_nationality_plural: पालेस्टीनी
  PT_name: पुर्तगाल
  PT_nationality: पुर्तगाली
  PT_nationality_plural: पुर्तगाली
  PW_name: पलाऊ
  PW_nationality: पलाऊवाई
  PW_nationality_plural: पलाउवियन
  PY_name: पराग्वे
  PY_nationality: पारागुआई
  PY_nationality_plural: पारागुएयन
  QA_name: कतर
  QA_nationality: क़तरी
  QA_nationality_plural: क़तरी
  RE_name: रियूनियन
  RE_nationality: रेयूनियन निवासी
  RE_nationality_plural: रेयूनियन निवासी
  RO_name: रोमानिया
  RO_nationality: रोमानियाई
  RO_nationality_plural: रोमानियन
  RS_name: सर्बिया
  RS_nationality: सर्बियाई
  RS_nationality_plural: सर्बियन
  RU_name: रूस
  RU_nationality: रूसी
  RU_nationality_plural: रूसी
  RW_name: रवांडा
  RW_nationality: रवांडाई
  RW_nationality_plural: रवांडाई
  SA_name: सऊदी अरब
  SA_nationality: सऊदी अरबी
  SA_nationality_plural: सऊदी अरब
  SB_name: सोलोमन द्वीपसमूह
  SB_nationality: सोलोमन द्वीपीय
  SB_nationality_plural: सोलोमन द्वीपसमूह
  SC_name: सेशेल्स
  SC_nationality: सेशेल्स
  SC_nationality_plural: सेशेल्स
  SD_name: सूडान
  SD_nationality: सूडानी
  SD_nationality_plural: सूडानी
  SE_name: स्वीडन
  SE_nationality: स्वीडिश
  SE_nationality_plural: स्वीडिश
  SG_name: सिंगापुर
  SG_nationality: सिंगापुरी
  SG_nationality_plural: सिंगापुरी
  SH_name: सेंट हेलेना
  SH_nationality: सेंट हेलेनियन
  SH_nationality_plural: सेंट हेलेनियन
  SI_name: स्लोवेनिया
  SI_nationality: स्लोवेनियाई
  SI_nationality_plural: स्लोवेनियन
  SJ_name: स्वालबार्ड और जान मायेन
  SJ_nationality: स्वालबार्ड निवासी
  SJ_nationality_plural: स्वालबार्ड निवासी
  SK_name: स्लोवाकिया
  SK_nationality: स्लोवाकी
  SK_nationality_plural: स्लोवाकियाई
  SL_name: सिएरा लियोन
  SL_nationality: सिएरा लियोनियन
  SL_nationality_plural: सिएरा लियोनियन
  SM_name: सैन मरीनो
  SM_nationality: सैन मारिनेस
  SM_nationality_plural: सैन मारिनेस
  SN_name: सेनेगल
  SN_nationality: सेनेगली
  SN_nationality_plural: सेनेगली
  SO_name: सोमालिया
  SO_nationality: सोमाली
  SO_nationality_plural: सोमाली
  SR_name: सूरीनाम
  SR_nationality: सुरिनामी
  SR_nationality_plural: सुरिनामी
  SS_name: दक्षिण सूडान
  SS_nationality: सूडानी
  SS_nationality_plural: सूडानी
  ST_name: साओ टोमे और प्रिंसिपे
  ST_nationality: साओ टोमियन
  ST_nationality_plural: साओ टोमे
  SV_name: अल साल्वाडोर
  SV_nationality: सैल्वाडोरी
  SV_nationality_plural: सैल्वाडोरी
  SX_name: सिंट मार्टेन
  SX_nationality: सिंट मार्टेन द्वीपवासी
  SX_nationality_plural: सिंट मार्टेन द्वीपवासी
  SY_name: सीरिया
  SY_nationality: सीरियाई
  SY_nationality_plural: सीरियन
  SZ_name: स्वाज़ीलैंड
  SZ_nationality: स्वाज़ी
  SZ_nationality_plural: स्वाज़ी
  TC_name: तुर्क और कैकोस द्वीपसमूह
  TC_nationality: टर्क्स और कैकोस द्वीपीय
  TC_nationality_plural: टर्क और कैकोस द्वीपसमूह
  TD_name: चाड
  TD_nationality: चाडी
  TD_nationality_plural: चाडी
  TF_name: फ़्रांसीसी दक्षिणी क्षेत्र
  TF_nationality: फ्रांसीसी दक्षिणी क्षेत्र निवासी
  TF_nationality_plural: फ्रांसीसी दक्षिणी क्षेत्र निवासी
  TG_name: टोगो
  TG_nationality: टोगोली
  TG_nationality_plural: टोगोली
  TH_name: थाईलैंड
  TH_nationality: थाई
  TH_nationality_plural: थाई
  TJ_name: ताजिकिस्तान
  TJ_nationality: ताजिकिस्तानी
  TJ_nationality_plural: ताजिक़
  TK_name: टोकेलाउ
  TK_nationality: टोकेलाऊवाई
  TK_nationality_plural: टोकेलाऊ
  TL_name: पूर्वी तिमोर
  TL_nationality: तिमोरी
  TL_nationality_plural: तिमोरी
  TM_name: तुर्कमेनिस्तान
  TM_nationality: तुर्कमेन
  TM_nationality_plural: तुर्कमेन
  TN_name: ट्यूनीशिया
  TN_nationality: त्यूनीशियाई
  TN_nationality_plural: त्यूनीशियन
  TO_name: टोंगा
  TO_nationality: टोंगन
  TO_nationality_plural: टोंगन
  TR_name: तुर्की
  TR_nationality: तुर्की
  TR_nationality_plural: तुर्क
  TT_name: त्रिनिदाद और टोबैगो
  TT_nationality: त्रिनिदादी
  TT_nationality_plural: त्रिनिदादी
  TV_name: तुवालू
  TV_nationality: तुवालूवाई
  TV_nationality_plural: टुवालू
  TW_name: ताइवान
  TW_nationality: ताइवानी
  TW_nationality_plural: ताइवानी
  TZ_name: तंज़ानिया
  TZ_nationality: तंज़ानियाई
  TZ_nationality_plural: तंज़ानियन
  UA_name: यूक्रेन
  UA_nationality: यूक्रेनी
  UA_nationality_plural: यूक्रेनी
  UG_name: युगांडा
  UG_nationality: युगांडाई
  UG_nationality_plural: युगांडाई
  UM_name: संयुक्त राज्य अल्प बाह्य द्वीपसमूह
  UM_nationality: अमेरिकी लघु बाहरी द्वीप निवासी
  UM_nationality_plural: अमेरिकी लघु बाहरी द्वीप निवासी
  US_name: संयुक्त राज्य
  US_nationality: अमेरिकी
  US_nationality_plural: अमेरिकी
  UY_name: उरुग्वे
  UY_nationality: उरुग्वियाई
  UY_nationality_plural: उरुग्वियन
  UZ_name: उज़्बेकिस्तान
  UZ_nationality: उज़्बेकिस्तानी
  UZ_nationality_plural: उज़्बेक
  VA_name: वेटिकन
  VA_nationality: वेटिकन
  VA_nationality_plural: वेटिकन
  VC_name: सेंट विंसेंट और ग्रेनाडाइंस
  VC_nationality: सेंट विंसेंटियन
  VC_nationality_plural: सेंट विंसेंटियन
  VE_name: वेनेज़ुएला
  VE_nationality: वेनेज़ुएलाई
  VG_name: ब्रिटिश वर्जिन द्वीपसमूह
  VG_nationality: वर्जिन द्वीपीय
  VI_name: यूएस वर्जिन द्वीपसमूह
  VI_nationality: वर्जिन द्वीपीय
  VN_name: वियतनाम
  VN_nationality: वियतनामी
  VU_name: वानुअतु
  VU_nationality: नी-वानुआतु
  WF_name: वालिस और फ़्यूचूना
  WF_nationality: वालिसियाई
  WS_name: समोआ
  WS_nationality: सामोअन
  XK_name: Kosovo
  XK_nationality: कोसोवन
  YE_name: यमन
  YE_nationality: यमनी
  YT_name: मायोत्ट
  ZA_name: दक्षिण अफ्रीका
  ZA_nationality: दक्षिण अफ्रीकी
  ZM_name: ज़ाम्बिया
  ZM_nationality: ज़ाम्बियाई
  ZW_name: Zimbabwe
  ZW_nationality: ज़िम्बाब्वेई
